0,1,2,3,4,5,6,7,8,labels
1735.953407796029,-38.973465857974205,28.904677601052846,4.36057125426533,24.176717675376178,17.2271690504968,-0.6844023524556238,-0.07942694679835756,-0.3993927737437354,1
-145.43149147156817,-11.366640423530505,-4.548809260996557,-1.080604896360068,3.7452612315828744,5.780989761822233,0.857925191384457,-1.646682814858751,1.6367183021692568,0
-375.5812824237088,-5.772348103875429,-2.3088619337554577,0.6350980436019931,-1.9973259086192443,-2.342471750011763,-0.5095242659776787,1.1206252169369837,0.07511618472789612,0
-365.4786724389177,-5.734027967958937,-2.2363484965832865,0.7706310733716543,0.3982625830802903,1.8994799684909531,-0.03326711638662697,-0.8488754476066738,-0.39132544505119654,0
-425.5568695630239,-4.339350055430085,-1.740008181258175,1.0892589092075968,-1.8024050588834681,-1.2819541123795668,-2.0687194968304627,-1.407434617920693,-0.16142730876079464,0
-425.4206254486461,-4.0819752654575945,-1.5175233827447763,1.475986189246983,0.799161006523216,2.980868135749271,2.5966683262844024,-1.9084926194961367,-0.06016236525432374,0
-425.4409896545863,-4.154675123480696,-1.5625305097768847,1.4295441654226064,0.324524472472462,2.092659670637583,2.8594614247599712,-1.6870044543023361,0.13547107054224417,0
-425.5115028048006,-4.322134273911993,-1.67725789093484,1.2443910931246291,-1.1816486455903321,-0.5321504275188815,1.5791373236165405,-0.7771775368015763,-0.18684405542530072,0
-425.4879672436172,-4.267120796937636,-1.6490000408597103,1.3030354570059326,-0.6739422334974497,0.3690740276987597,2.010710154348763,-1.4787348216108527,0.23206885308198122,0
-355.39713722567217,-6.044476046927552,-2.262312341079631,0.9592294602204106,1.1945736146750996,2.306281370517812,9.407494849996175,0.49719458723071847,-0.9760604034996319,0
-425.5113766156462,-4.319841392360527,-1.67637464638159,1.2414410533042814,-1.1829832236668414,-0.5330062283126829,1.5626168624403132,-0.7612134999510388,-0.29553002315112054,0
-425.50844668327665,-4.327828680775296,-1.6752644699126276,1.2513312650340696,-1.165155423075474,-0.551207369524632,2.0683873815050235,-0.6873696923146756,-0.37302646840335385,0
-395.5840209496568,-5.1798118899033705,-2.0789244465156083,0.7924102807967075,-1.9905811555367505,-1.8817827960078124,-2.999423894351927,0.37769155977194396,0.32086122551197893,0
-395.3861141869387,-4.839095339726093,-1.6855115011184885,1.4100958020629655,1.659262909441149,3.8284204260720465,4.866877841311843,3.6840733886680503,-1.454504887585143,0
-425.52406638722994,-4.307401570613123,-1.6657773596217562,1.2417324231919558,-1.2525084408558254,-0.5207833143299101,-0.22309462551953152,0.2022878702740001,0.3826127614361308,0
774.1051952081882,-36.72212781907209,-15.538525847530352,-10.896866973830491,3.1458966692770525,-3.9978378976667313,0.658624601695621,-2.0801694020443353,1.2406613282973247,0
435.3950412523892,-8.635367635663728,21.135735041166992,7.14731851083559,-18.94902799336572,7.72642999399144,-0.5182604991703822,-1.0041620118302996,-1.1990275144717293,1
14.760775712523106,1.6033262413815306,-9.292895022639392,-3.2035516558370736,-0.5139066557948211,-3.3723977131813614,-2.513801467952192,1.0881176994336281,-0.7757383103455773,0
-425.49681853049935,-4.3526310629434,-1.6791414518793475,1.2902521815089076,-1.0927534961094112,-0.5842702318834901,3.8695397958698443,-0.8851801528901199,-0.13650033758187863,0
-425.5580654693055,-4.335579114866437,-1.7470947108356059,1.0758098125674442,-1.807797151652731,-1.2595326401489648,-2.2719513747787072,-1.7891746609870496,-0.14789447927127441,0
1735.0850711768555,-53.84210054550726,32.65925514618265,-10.676630601653324,-8.562773319545931,7.330809363189763,2.263274060773937,2.305909144161601,0.04702005321260103,1
-405.22874536931124,-4.146470483222549,-1.2358039089625006,2.088979333433125,5.13945828687584,10.145446383605446,5.07079055112495,4.097732799051476,2.9619675385116646,0
-335.56361891714585,-6.772599274568958,-2.71784278630399,0.31951833164027177,-1.2039738155021982,-1.3026080014870294,-0.22902870643539325,0.5930856578676242,0.5828710923000929,0
-425.5581916584599,-4.3378719964179,-1.7479779553888555,1.078759852387792,-1.8064625735762208,-1.258676839355163,-2.2554309136024804,-1.805138697837586,-0.03920851154545463,0
-355.3760477679172,-5.983427613538809,-2.2159011332398393,1.0231637323727996,1.6792260883544303,3.1753304955841872,9.426128621939412,0.5233525346746628,-0.8815542469420151,0
-425.5229284665451,-4.3107569101781165,-1.6602078459684373,1.2482212864429794,-1.24803359017545,-0.5433996708278597,-0.012449472020477546,0.4774636921962104,0.22101541085188361,0
-385.4945915904289,-5.311744259866318,-2.064685938642985,0.9253519205769891,-0.40835320190062957,0.4589257157751982,1.6711311596602363,-0.2298413974417633,-0.5831599326160601,0
-105.4385786851555,-12.42991918304435,-4.990659120144864,-1.4620409606415168,4.0296262203908455,5.9053822063728205,0.802845157950469,-1.3075104823858947,1.5996899957917796,0
-425.4893336901115,-4.152937130059357,-1.5137702718256945,1.3943575189017026,-0.3590812954375081,1.1400539969972208,-1.7442016490365753,2.776422476577198,-0.09164771636350069,0
-405.79031875397163,-15.567513583537586,-0.19794438414023685,1.0851293615313573,-0.2724971620631661,1.3755705422125748,-3.4966390937080907,3.1250514373826537,-0.06855047595197243,0
-405.49247112540144,-4.7384405383027,-1.7664109413369804,1.200355679701979,-0.3897841361584524,0.7459614513674446,-0.0733461478480376,2.4691147347906037,0.018384629978048277,0
525.4888000882518,-9.970990347298653,20.967685159560528,12.243186853078479,-26.043796897258495,10.396554169824915,-0.9265440286411984,-1.0959940545972384,-0.7752808373525992,1
1734.3594555680966,-52.03134584044803,-12.113468756120641,1.8679639159595038,1.866664019504875,-14.077395233996569,-2.6728108673820183,-1.1597572097134152,0.577236453439071,1
474.2158035240191,-28.489539738054187,-11.998493166986744,-7.869018735064215,2.5701217250125152,-2.0205453368805775,-1.295071910225424,-1.3685505599215126,-0.9858004673742472,1
-425.7430282552899,-14.972829746468218,0.08965805156791563,1.4160344931739568,0.38866940325451116,2.573651944005593,-1.5089838038597656,2.932989702344583,0.37966870015372994,0
-425.51500363212574,-4.4226982654881875,-1.7246629652039338,1.2392240057926616,-1.5586308754763565,-1.4710354233787188,4.364258422745437,-0.8097536463075115,-0.21289555724634726,0
-425.5588133401042,-4.338042468873052,-1.7366525705808236,1.0918234852555353,-1.8134761369969332,-1.2850284520886697,-2.339742521465769,-1.1943259940951951,-0.041234864221609685,0
-145.43149147156817,-11.366640423530505,-4.548809260996557,-1.080604896360068,3.7452612315828744,5.780989761822233,0.857925191384457,-1.646682814858751,1.6367183021692568,0
1735.5759933766442,-52.99567206879903,28.43415417898942,-0.572359562186774,23.135415080787777,21.45367006433709,0.30508779926022017,1.1488899545167206,-0.03292287483742071,1
754.5100584762184,-14.83938803241928,-18.673858403561706,-10.995985488415942,-0.7464194176936713,-11.020495105025201,-0.8229825207407367,1.0535036938699007,-0.7182198839386165,1
224.2116654611059,-22.076853611853796,-9.34193921165689,-5.564639232782254,-0.4673829266531623,-5.355993546975324,1.3314705576692152,-1.6331332797392717,-0.4951286615920691,0
-425.48720351849744,-4.176611506151424,-1.5244356488368753,1.417634874101521,-0.3302957213988136,1.1290103569887628,-1.0711160947297504,2.7175908374951296,0.6333299328171375,0
-425.4672454589421,-4.107034725657525,-1.5159230050463828,1.4246651834413482,0.1572424608600498,2.095525116488378,-1.2842662890736016,0.7235243998083482,0.6934187291763184,0
-405.57237618877497,-4.90499299799313,-1.9772536765313617,0.8853418290229654,-1.9083769823837564,-1.6673145737566375,-2.259057072736368,-0.760037718315475,0.15801780719442587,0
-425.5202931122118,-4.306321019574983,-1.6753034476091557,1.2105534206063913,-1.235602659335245,-0.5165939765680868,0.3123890372583158,-0.5917250884667627,-0.5232521128327676,0
-315.04561871754464,-9.779893650173298,57.42631307174522,-8.04197067108323,-0.44209409568261293,-3.524440969234339,-4.152507416314489,0.09768993894048239,-0.4474988484247916,0
-425.4996393247899,-4.342996414044738,-1.6782936485166862,1.2812904337555393,-1.111558642053924,-0.5668443559703862,3.341192241746076,-0.9079410321627113,-0.10215413552567455,0
-375.5647222100914,-5.696417192995633,-2.2554060874907784,0.6906135682050236,-1.5448615824275485,-1.460702154834027,-1.3293585690287977,1.4041778741481383,0.17232477695904663,0
-425.52810863886486,-4.501607706221899,-1.764103492038741,1.2181808454574743,-1.9959255628438635,-2.381331695602937,5.551995066024167,-0.533079596338554,-0.012398562441555424,0
-425.55180561487333,-4.243159852688574,-1.6179895777444093,1.1877257891303181,-1.4421574795061032,-0.5193261201239942,-4.679281413558117,2.390203502818761,-0.45228806104243885,0
-415.5830045712885,-4.689114563225689,-1.897607163631202,0.9352972205100218,-2.327337058191204,-2.375973390893173,-1.7347494519358249,-0.7504025840193881,-0.324670894939399,0
-195.60206128992152,-10.60051739234494,-4.387449027718092,-1.1440211180388793,-0.8214361691390747,-2.085020792385896,2.0411732479169444,-1.3708277996548495,-0.07479670842674109,0
-415.5518043775594,-4.8548022096708525,-1.9372667144503997,1.0515409876645672,-2.50143834254091,-3.445069220880137,6.257820204593631,-0.7159329268556678,-0.1851222727573711,0
-345.577564324658,-6.555998155714846,-2.6432514007646732,0.36757101176817336,-1.6361678966738284,-1.9900937357420787,-0.14729176753392922,0.47360662885269345,0.5338083962115515,0
-405.3923799503486,-4.5064658170978005,-1.664057736901892,1.3619172105250614,1.6570908378293896,4.352187703539373,2.369826007112532,-1.748569073325955,-0.5618384371103967,0
-425.5036992240327,-4.247785010489711,-1.608703529573425,1.3186644833260814,-0.774482246241713,0.3222849240136664,-0.279833880017477,0.7955538382196063,0.4881711508980307,0
664.5067345466489,-14.357082711487699,-17.36086982520753,-10.079045782762883,-0.6990934783321592,-10.077847063102809,0.06764314115391756,-0.7107157234313874,-0.4053115721382628,1
1734.3613531073609,-61.92393030627039,-21.524907043812824,8.453814785904463,-26.95342494956027,10.708528689429794,0.7212491945429055,-0.04183494584629141,0.3158483930964215,0
1543.7521564353194,-57.776035604730865,-24.601834142037603,-18.96572496748824,3.6706908439276997,-10.184049772513365,-1.682886924298844,-0.9379351409283967,1.394744877239896,0
-425.5117206792918,-4.1000364083404515,-1.6009352989347925,1.1919419794865052,-0.46972021950926457,1.4122819878033834,-5.123627569293334,-1.6448248736076856,-0.6019395427250696,0
-415.5487738322765,-4.861528097275432,-1.9354937753819432,1.0614970442803613,-2.483997826305036,-3.4636410881027895,6.754652142236243,-0.5983844359785835,-0.27569730359004785,0
415.52193995558906,26.264989140890727,-19.045706506366926,-7.056278897592261,-0.319711545534967,-7.419226947293793,-0.6833118192057235,2.1038357769021077,-0.12111269250477792,1
774.2577002432392,-28.000069199225365,-16.855576333793223,-10.998711050365763,1.3886249125846215,-7.314963147749168,-0.5716350308762003,2.8180655796778225,-1.0135357315002862,0
-425.4206254486461,-4.0819752654575945,-1.5175233827447763,1.475986189246983,0.799161006523216,2.980868135749271,2.5966683262844024,-1.9084926194961367,-0.06016236525432374,0
-425.4418410955554,-4.145316580397801,-1.5648178351378181,1.415001956914944,0.31584311092039635,2.1126748114766984,2.594555015517391,-1.9506146037906167,-0.045982554086118406,0
-425.4418410955554,-4.145316580397801,-1.5648178351378181,1.415001956914944,0.31584311092039635,2.1126748114766984,2.594555015517391,-1.9506146037906167,-0.045982554086118406,0
-145.43149147156817,-11.366640423530505,-4.548809260996557,-1.080604896360068,3.7452612315828744,5.780989761822233,0.857925191384457,-1.646682814858751,1.6367183021692568,0
-15.493825893901722,-14.966677521995617,-6.107034506025441,-2.4595969083950844,3.6306309878181255,4.266832474471994,1.6816545192335102,-1.786528227167783,1.517465809264696,0
-415.3956059559702,-4.201974339053405,-1.5020161559434486,1.4987079486291919,1.6325747394138512,4.506810951086263,0.6004110567106339,0.03500023817518241,-0.25289991252740684,0
-305.6005757755933,-15.779630037991415,16.18972595622056,-2.516691412831308,-0.22436769273794316,-0.3879155444259201,-4.9116787395893535,-0.6760135549672721,-0.9073777890674023,0
-385.46590861352786,-5.171603754328011,-1.9857462142854778,0.999158171705026,0.48937903056494503,2.257240427785415,-0.16657995229485012,-0.6328337637141614,-0.29270373712680736,0
-395.5534270174962,-5.439520436699859,-2.178242132121517,0.8729110179438406,-2.529091065554379,-3.8635044953488986,8.077814932190202,-0.49563008560765837,-0.18800182787784797,0
-385.7582346342132,-16.020926339862253,-0.36134095037075764,0.9937947378052439,0.6276012448248224,2.7405518757959637,-2.740275337702554,2.9459877554309606,0.18639486775525918,0
-425.5993574285417,-4.351664113126714,-1.7228710232126991,1.0347043512057488,-2.4390027148245657,-2.194138678098716,-5.646952954054276,1.6059203887014901,-0.34013109633702826,0
-425.40617739926057,-4.058879837776265,-1.4158274556196129,1.6990377910993215,1.2637935661294344,3.7222860103525472,2.12059171838907,1.8389284981463525,2.9748983930313857,0
-425.53988036767925,-4.2655119123216485,-1.7015731975110207,1.1268379882836903,-1.3419197722857852,-0.37276744865373707,-2.766670001654301,-1.8646011675696568,-0.07149925960680532,0
-425.5113766156462,-4.319841392360527,-1.67637464638159,1.2414410533042814,-1.1829832236668414,-0.5330062283126829,1.5626168624403132,-0.7612134999510388,-0.29553002315112054,0
-425.42589434731246,-4.130377742602624,-1.4719394855060859,1.6365162497005754,0.7952233017781702,2.8599440831915635,2.460114544973875,1.4218633132075944,3.0769507993586944,0
-345.39667834961926,-6.333781953270072,-2.3910606901297298,0.8684937029086174,1.1900870821453984,2.1311784616981515,10.357002093924502,0.030701422523584616,-0.7016346346873066,0
-395.76508965899495,-15.814504687079053,-0.2812119558627704,1.0770907097458058,0.23538811485733072,2.0323997455002436,-1.715549086950399,2.928590112244067,0.4120248050759271,0
196.4101040082001,64.81376880699348,-21.227865937059846,-4.724603158927987,-1.958105637734339,-8.539423727455363,-1.0975560725698321,0.579756349164907,-0.007045810448174307,1
-425.4386633113128,-3.9488249969878595,-1.3979769185916966,1.5222478286787628,1.0301024147826476,3.8331423435582965,-3.4982012456973237,1.9476300501187163,0.35171261376357515,0
-415.56339749953105,-4.630298392791201,-1.8615646736612248,0.9938357412788978,-1.8438701664094463,-1.4819015779373654,-1.8650863021973043,-1.117550352075729,0.12641906632034586,0
-425.5581746073846,-4.337226475350332,-1.7490526906672297,1.0748813485910251,-1.806819806299585,-1.258757374850124,-2.2493743397196524,-1.8402575893508155,-0.10474423607524237,0
-415.56741974956736,-4.480156040231289,-1.8302103896501338,0.9183573053006845,-1.5254233370899666,-0.42273794456665786,-6.432473888946433,-2.5876204461025973,-0.5123863132458948,0
226.81021838489409,80.76248009173682,-23.98310371101487,-4.934299908814518,-2.5215010364856396,-10.03461571963897,-1.5530905245329885,2.1350892498117338,0.4661806277485802,1
-415.5487738322765,-4.861528097275432,-1.9354937753819432,1.0614970442803613,-2.483997826305036,-3.4636410881027895,6.754652142236243,-0.5983844359785835,-0.27569730359004785,0
564.443215365768,-21.816438996415318,-3.5448570703490683,-10.372980934156095,0.5667380998105653,-7.502507936655056,-0.29455465281793913,1.9557580553284895,-0.5947658632258028,0
-425.49571773027407,-4.252562719934983,-1.6137995515846617,1.3310655588335336,-0.7305141204932466,0.3261780036239357,0.7204826912268685,0.28363170249309644,0.4819824770019701,0
-55.47237513164486,-13.839021037334998,-5.608519876051663,-2.0239514431284364,3.7906806805425335,4.9845284573739,0.9628148993261685,-1.3038588628204817,1.414977285401372,0
1735.4857511905732,-53.10968903586241,29.005232763118116,-3.474915368842637,18.425220392283297,19.591527439748944,-0.047443075904380266,2.133428036555096,-0.0800688050192426,1
-285.5414758121549,-8.05166050790525,-3.2506011192079742,-0.15312013243998054,-0.41489701632930537,-0.4969796485024335,1.666603012641727,-0.32589642992665185,-1.343205243311323,0
-425.5112674775671,-4.318194031876636,-1.674416666549966,1.2423695172807006,-1.1839605690199875,-0.5337814936115223,1.5400398273812597,-0.7101305715872708,-0.33868026634715204,0
-405.54927183979646,-5.145171745010343,-2.038309166523592,0.9888352074474142,-2.506717996547855,-3.6940484380482905,7.481274914694467,0.1683134792329887,-0.34837521534264093,0
-355.0907540043945,-9.289683251758374,53.9853930372204,-7.062208445554079,-0.7389557913080865,-3.5404495029425274,-3.5574989670963695,1.9019058508388094,-0.29942905915207035,0
-425.4996393247899,-4.342996414044738,-1.6782936485166862,1.2812904337555393,-1.111558642053924,-0.5668443559703862,3.341192241746076,-0.9079410321627113,-0.10215413552567455,0
956.423764917682,14.131400380007278,-5.733136690439803,46.39101436554931,-16.95064674692949,-0.064271439414051,3.504317908493255,3.055824021552338,-0.07497157439643103,1
-425.5214599388195,-4.191504467741507,-1.6532104598015605,1.1758445881560058,-0.8783543163484957,0.5123666767488446,-3.3004861247651855,-1.872980708937961,-0.1469402508641842,0
-425.51803417740865,-4.415972377883606,-1.7264359042723896,1.2292679491768672,-1.5760713917122309,-1.4524635561560624,3.867426485102832,-0.9273021371845994,-0.12232052641367319,0
-425.50449824731356,-4.252311325978869,-1.5987023532261528,1.340709925426885,-0.7782666441438806,0.2977592616401616,-0.33246126719629393,1.4458837978918349,0.7860455302384535,0
-405.592218587766,-4.967749410462976,-2.0161373908862124,0.8288248840980191,-2.389531950735859,-2.5597553206198023,-2.089622726239606,-0.4599369154734394,-0.14123594314346757,0
-395.60162530416034,-5.248647497926786,-2.1383630958507127,0.7174797350268212,-2.4507194462952366,-2.7424717945318506,-2.406923810179408,-0.2993777500452118,0.03289211289915049,0
-425.4479991653542,-4.043417304901554,-1.4654934239297466,1.4912298765276826,0.6304365720704215,2.9611291758349436,-1.5455941231877743,1.0064956543185135,0.8950387446926774,0
-315.45070216825405,-6.938744634297166,-2.7182247544935842,0.3715706800985903,1.5951371724548504,3.6250624243479765,-0.36508604051058596,-1.2065609182045407,-0.6815841061863668,0
-425.60020886951077,-4.342305570043811,-1.725158348573632,1.020162142698087,-2.447684076376631,-2.1741235372596006,-5.911859363296858,1.3423102392132085,-0.5215847209653909,0
-425.4340334542621,-3.962446073668723,-1.404358794417089,1.5307324211141289,1.06190327791479,3.820051147436227,-2.668671752125073,1.733940023592232,0.33593159250959764,0
-425.45976982014287,-4.010518951444177,-1.4433133911531162,1.4621920603231415,0.5458071738266818,2.964173753986881,-3.5228915915233885,1.9565909941880042,0.3227421817357491,0
-425.5204737835303,-4.198184169599237,-1.648744672655246,1.1882993759337337,-0.8715975938705932,0.49109119582779526,-3.065738630335777,-1.5860282774760954,-0.10424425157723362,0
-405.55110647879764,-5.142216797969415,-2.0329955760146188,0.9923282474717736,-2.5187664200144644,-3.6978980430562345,7.187674855000098,0.4325050314222586,-0.27133301399948595,0
-395.6044631495262,-5.2396583700956905,-2.1364405572096774,0.7123964910702202,-2.469167359516386,-2.7249653831237812,-2.9413279381859985,-0.2870197378045767,0.1327740394851402,0
304.85837574516324,-26.674884868716063,47.590124996628234,-13.474027400573773,4.4614553430566035,-0.8485715748563382,0.5338539334297567,0.5877745358156127,0.011461720325293877,1
-425.44802474159536,-4.044448785642826,-1.465713905883502,1.4942457612340385,0.6313838657914389,2.961614250618041,-1.5380122434336514,1.0342363007087017,0.9906461268380564,0
575.6209194304016,-12.102109815367966,22.08786483922644,20.77701332156135,-36.42826988187884,15.610018000351477,-0.40254182310522973,-1.5885155717676784,-1.1780248582045136,1
-415.5847130211354,-4.683866734633292,-1.8914103285689772,0.9358402207140334,-2.3407200597343234,-2.3806787966949186,-2.04486997280641,-0.47024699497958555,-0.35631466132206757,0
-355.51646047459917,-6.163809619660539,-2.390691554263551,0.6423235762788685,-0.5725936777648456,-0.2057920464101842,1.6447419489392283,2.096258292561097,-0.7883846912001522,0
-425.48660089060894,-4.172299506897383,-1.5683105659946464,1.3571720263785945,-0.3149743049971758,1.230696322440652,-1.0003614199003703,0.3894702169344107,0.5349489568559889,0
-405.5965986587148,-4.82588910548129,-1.9583293127122356,0.7918626567470125,-2.0779682414244056,-1.5741996676264507,-6.581947452863802,-0.46513385379438626,-0.7283194431946265,0
1057.2319282978392,47.57087109641927,-25.74147835581166,21.898871168429658,2.027588972230546,13.978753409134063,-1.2416252204424545,-0.2694278940725359,0.06578222207711534,1
506.77203313490907,71.46316931181445,-26.7716778578561,-7.553329146096365,0.6045627003206582,-7.174104740305929,0.537389616121531,0.28382697632297293,-0.251537045744541,1
-395.5388200140301,-5.0648268704041595,-1.985624308999694,0.9293722626268694,-1.003245630944563,-0.16185187380957733,-2.4516859591858893,0.5401777004138795,0.4493701654101228,0
-425.53988036767925,-4.2655119123216485,-1.7015731975110207,1.1268379882836903,-1.3419197722857852,-0.37276744865373707,-2.766670001654301,-1.8646011675696568,-0.07149925960680532,0
-425.5369333842344,-4.272853679668847,-1.7015377563204328,1.1328496962167103,-1.3244492044177825,-0.3910491253606479,-2.2548429087067645,-1.825876251446525,-0.21453142938882708,0
-394.6514443236473,-4.1077066975276,82.9286331637239,-10.413437939931011,0.0848555803661735,-3.577295018800883,-3.4063439442498247,1.7396013855564783,0.7055398600475268,0
-345.577564324658,-6.555998155714846,-2.6432514007646732,0.36757101176817336,-1.6361678966738284,-1.9900937357420787,-0.14729176753392922,0.47360662885269345,0.5338083962115515,0
444.2718810485743,-27.6411317207852,-11.606781031391977,-7.385156861150419,3.3171610591581278,-0.6102830870006974,1.2542813113695155,-2.168848544012605,1.1763377672174422,0
694.1640256180688,-34.477661310776526,-14.549539161048521,-9.993016884688757,3.554646771669531,-2.5544987016524687,1.2094653566039737,-2.0684371617762918,1.1543783818381335,0
-325.5690869268975,-7.054049573664291,-2.8463387487156817,0.1970122610604864,-1.24491374227668,-1.4801459455470616,-0.019447500612821248,0.2719462828644768,0.3253994949735802,0
-415.5748427786362,-4.702619727536648,-1.8893122741654573,0.9692065230941638,-2.2832084373979242,-2.4190464884110114,-0.5600632573983223,-0.4870878425363248,-0.3295684755935713,0
-425.543145466104,-4.136743075323153,-1.6658984957319478,1.0690571394225068,-1.011240190226694,0.6295983741183608,-6.768565361788672,-2.595611791939864,-0.7507829460415338,0
-195.63551218213686,-10.535233040737996,-4.296382118859458,-1.1428689642155136,-1.0529935794661682,-2.16849169603638,-3.2234642624157575,3.2174263044254596,-0.46179145423089096,0
14.4841127023931,-15.808352462606452,-6.477904513456122,-2.798540691823235,3.4773496994209436,3.7255802759666494,1.4750892361428778,-1.7909278172682985,1.549821914186893,0
-395.7520187536629,-15.737012686760304,-0.2432871282138485,1.1002871356969377,0.6742201569435068,2.9435856317956963,-2.8820653968380636,2.6722784635422556,0.337206850032107,0
-405.4819795304347,-4.752644408528124,-1.81518738285218,1.159844943437066,-0.31495488261844734,0.8180270506465617,1.5619206646823676,-0.0020231040096041473,-0.28024487482047417,0
-345.5774551865789,-6.55435079523095,-2.6412934209330494,0.3684994757445932,-1.6371452420269748,-1.9908690010409178,-0.16986880259298323,0.5246895572164615,0.49065815301552007,0
-425.43857974947474,-3.9482091172452374,-1.3962394207138296,1.5261921773615374,1.0300723631505186,3.8328521530425506,-3.5131964010022534,2.026453624872672,0.40416975271292227,0
-425.54345253620136,-4.368354747958159,-1.7192422893248462,1.1521337643222898,-1.7299916330515301,-1.387861640549762,0.039252701855997704,-0.42073844893574475,-0.3888798571253774,0
-425.40503947857576,-4.062235177341256,-1.410257941966294,1.7055266543503451,1.2682684168098095,3.6996696538546137,2.331236871888134,2.1141043200685785,2.8133010424471565,0
256.36792497787013,63.12911133921477,-21.97296156259857,-5.4050553018322285,-2.2535971364152347,-9.618853784756965,-1.2396636141157915,0.35784854513837655,-0.06252604514296517,1
-415.61404622055346,-4.602146333060074,-1.869635750399232,0.854790114289179,-2.5343192727935175,-2.269964992928874,-7.117400943960928,0.10141737107712967,-0.5183834586981642,0
34.49245538583341,-16.30908272178106,-6.683170323192513,-2.967012021800986,3.8705284928922543,4.2367884062435985,1.6330924178771615,-2.015930445230096,1.4801706382903321,0
198.0474550886895,80.55978584246184,-16.68534844674603,28.552888511053975,4.084973446475369,30.24716475607902,3.3817952201417962,3.154825958521088,-0.7783406605751062,1
-384.99108359955625,-7.620279182388218,60.22878866250456,-7.518736982293767,-0.5680492598540303,-3.314107822181877,-3.77934180357983,1.8090704637268582,0.4101109460544611,0
-395.553317879417,-5.437873076215967,-2.176284152289892,0.8738394819202598,-2.5300684109075267,-3.864279760647737,8.055237897131153,-0.4445471572438901,-0.23115207107387903,0
-405.57237618877497,-4.90499299799313,-1.9772536765313617,0.8853418290229654,-1.9083769823837564,-1.6673145737566375,-2.259057072736368,-0.760037718315475,0.15801780719442587,0
-95.44593248639056,-12.710477496581296,-5.114282455955094,-1.5750222217842336,3.9785324575917875,5.7249648068710375,0.7339900635869249,-1.3089770124193998,1.610475364099179,0
-385.38588895698484,-5.004886650299048,-1.86293522085093,1.2008174243684366,2.0385784405574534,4.859626764303344,2.228172555269628,-1.6742612575852553,-0.48891178713401556,0
-395.482633880809,-4.94642910864146,-1.9077152741810126,1.0490878412654563,0.039654278261051806,1.5874559892057898,-0.6266604169507877,-0.6333905593443117,-0.09381998553463215,0
-425.53016668439284,-4.175075333661868,-1.6495185185980061,1.1459512643205434,-0.9323383817255373,0.5276329371838924,-4.582229566428337,-1.608704685849196,-0.43089116932230853,0
-395.5175787908799,-5.000454074722671,-1.9381093746528955,0.9873406102525556,-0.5208750290627591,0.7058563756798991,-2.4571545281729996,0.5545590383181713,0.33958297209653887,0
276.7446183170494,77.44765211830494,-24.27009962974656,-5.449139415627198,-2.2482719112491845,-9.962824298817418,-1.9191103584372287,2.1634361514197926,0.4831442292905345,1
564.0622876378043,-31.38657980917233,-13.332007836282148,-9.098903666424452,-0.19113409587945432,-8.122941543313972,1.3011761290992594,-0.5439663502090557,-0.6753196918856258,0
-425.51500363212574,-4.4226982654881875,-1.7246629652039338,1.2392240057926616,-1.5586308754763565,-1.4710354233787188,4.364258422745437,-0.8097536463075115,-0.21289555724634726,0
-245.59295810497343,-9.227876533910345,-3.7946762402028664,-0.6805716178505512,-1.1112713246804307,-2.066827429943026,1.1241629151779537,-0.6374946838434389,-1.4673375835418827,0
474.59203936115296,-14.611775457818485,-13.912450301663322,-7.694752433638223,2.754565908391042,-1.9827084032534263,-0.30578270634321286,0.004759535592168204,-1.286364019047517,1
-185.4340764950064,-10.271118897980744,-4.088638289563604,-0.7763704375647156,3.3794274363630254,5.620646326789987,-0.5429192018516158,-1.2627464707049567,-0.5414198465841134,0
-425.5399601981687,-4.153227898534693,-1.6509551271402623,1.1035373078213475,-0.992691885224989,0.5645454045506996,-6.08978192109879,-1.6750857774630143,-0.7444595014869404,0
-425.44602981203286,-4.043693410717314,-1.4686285526533407,1.4856494157733886,0.6405603564628698,2.963718440760951,-1.2821529783065897,0.7656463841028279,0.679238918008113,0
-135.4388452728032,-11.647198737067454,-4.672432596806786,-1.1935861575027853,3.6941674687838137,5.600572362320451,0.789070097020913,-1.6481493448922562,1.6475036704766561,0
865.6329129189254,-17.823684473357865,26.061026730052536,14.406304972542316,-32.0984414184929,13.707133613678836,-1.2210641389685966,-2.0516392084661326,-0.8508904926631071,1
-375.5008074709793,-5.595657912968255,-2.1827397607998953,0.818859522685296,-0.45497211401931426,0.2558919597754671,1.8129212187957502,0.04386789444694701,-0.7339719148929094,0
-425.4996393247899,-4.342996414044738,-1.6782936485166862,1.2812904337555393,-1.111558642053924,-0.5668443559703862,3.341192241746076,-0.9079410321627113,-0.10215413552567455,0
-425.46220530149554,-4.218016438420906,-1.6098249621699277,1.3685599330905656,-0.15879342313035838,1.2244663463650103,2.857348113992959,-1.7291264385968144,0.14965088171044885,0
-425.51805975364977,-4.417003858624881,-1.7266563862261453,1.2322838338832225,-1.5751240979912138,-1.4519784813729655,3.8750083648569555,-0.8995614907944119,-0.026713144268294194,0
-405.47722385665423,-4.664563208547476,-1.780736327693432,1.1646336784561127,0.07967696294664682,1.7647990489984704,-0.8288283472225496,-0.41881540548530843,0.015587090697154053,0
-245.59028634673692,-9.256804606002461,-3.8079575998736654,-0.6340414285850396,-1.0724047523266713,-2.0580510638666016,1.8187123246379804,-0.9283169577670352,0.0826909070868098,0
927.45138249863,62.219170869844326,24.88240300570359,-9.429427880355407,-7.655715736756967,-3.224698395959868,-2.021638453491014,-1.3489288504101111,0.8824659940456988,1
694.5605746384482,-12.232611837318261,-18.166183936904737,-10.413682740049648,-0.9147958984606718,-10.752421281271031,-0.050339641274286744,-1.221476756891459,-0.392982800076129,1
1256.784282238103,50.09947886546952,-22.536393306760658,-6.9927946468478375,-7.6389348113647495,-3.365657904378162,-3.3262349151426984,-1.346936961781084,0.8652563452520337,1
707.6432633895664,67.06148677201041,-23.33834036652424,23.577151966112716,6.662219773183301,15.864678312697386,1.0178345907586548,1.393362908080357,-0.3364781603529843,1
445.6489063331762,31.353834182648225,-20.273404469276404,-7.37197512868438,-0.6145551092203485,-8.255403146257956,-1.0365311169889433,1.8158470160458695,0.04558366733679615,1
-395.6064069266065,-5.238350783538657,-2.133084946532326,0.7149610671181582,-2.480238437629852,-2.7280397228328837,-3.2123509628213056,-0.07391111397907897,0.25296648402432553,0
-65.46613367485344,-13.554075903491787,-5.490245571940996,-1.9204749299430977,3.8363522989402035,5.187077138590538,0.8134429604365359,-1.6053088010993743,1.4701818855328408,0
286.5741298842929,71.17094173483378,-23.619056534675902,-5.687930462910824,-2.5945953986277726,-10.654745848528563,-0.8496193114770446,0.4722477458597882,-0.1138269234780608,1
-425.48660089060894,-4.172299506897383,-1.5683105659946464,1.3571720263785945,-0.3149743049971758,1.230696322440652,-1.0003614199003703,0.3894702169344107,0.5349489568559889,0
-395.5388200140301,-5.0648268704041595,-1.985624308999694,0.9293722626268694,-1.003245630944563,-0.16185187380957733,-2.4516859591858893,0.5401777004138795,0.4493701654101228,0
-415.5305887306502,-4.791460894730643,-1.8899722620573565,1.1125252199966076,-2.01812044693809,-2.576875896607563,6.259933515360645,-0.673810942561188,-0.1993020839255763,0
-385.4190275810519,-5.3363473634812415,-1.9994124130418092,1.1341381822494163,0.37724000018275844,1.1041055038366854,9.777155920433342,0.043620503857527276,-1.9367806532091232,0
-145.43149147156817,-11.366640423530505,-4.548809260996557,-1.080604896360068,3.7452612315828744,5.780989761822233,0.857925191384457,-1.646682814858751,1.6367183021692568,0
524.2363192007623,-29.82191714021369,-12.549870896326482,-8.229658830031633,3.40182258512879,-1.1831298843321243,0.9539998568044277,-2.3004844954478982,1.0850982147732122,0
-405.55310431894605,-4.840344096495889,-1.9266036134609665,0.9488906374029448,-1.436130164894402,-0.8021955891931686,-2.527966786604668,-0.5048071101954936,0.2640304405654081,0
395.5599414488713,25.958305052320377,-18.564801913838064,-6.692875051276216,0.8069807125157913,-5.267003337238078,0.20009204216801424,1.9007546869372653,0.13586235464491664,1
-425.48660089060894,-4.172299506897383,-1.5683105659946464,1.3571720263785945,-0.3149743049971758,1.230696322440652,-1.0003614199003703,0.3894702169344107,0.5349489568559889,0
-145.43149147156817,-11.366640423530505,-4.548809260996557,-1.080604896360068,3.7452612315828744,5.780989761822233,0.857925191384457,-1.646682814858751,1.6367183021692568,0
-415.5487738322765,-4.861528097275432,-1.9354937753819432,1.0614970442803613,-2.483997826305036,-3.4636410881027895,6.754652142236243,-0.5983844359785835,-0.27569730359004785,0
-425.4884542109414,-4.264612428167613,-1.6354961942663013,1.31401166914374,-0.6828804359923252,0.3414620748833174,1.8962396316722987,-0.8445798358948837,0.09128487506441563,0
-405.5508711515642,-5.138276555934057,-2.030154351629745,0.9903066716278446,-2.5210783434441204,-3.6995291091488776,7.148577358764816,0.4995519966365633,-0.42316922492133663,0
-395.51768792895894,-5.002101435206568,-1.940067354484519,0.9864121462761368,-0.5198976837096123,0.7066316409787383,-2.434577493113947,0.5034761099544042,0.38273321529257087,0
-425.54777987883284,-4.24803087156989,-1.615740607030082,1.2151662899431261,-1.4180796898191683,-0.5205310348707816,-4.211903705958968,2.395098799036853,0.03865864296041755,0
-75.4587798736184,-13.273517589954842,-5.366622236130768,-1.8074936688003813,3.887446061739261,5.367494538092321,0.8822980548000798,-1.6038422710658695,1.4593965172254415,0
-375.5772311114272,-5.776187642015477,-2.3063924810873746,0.6595226597084447,-1.974195412653328,-2.344161739541648,-0.04972843813265195,1.0977798667648877,0.4704555065853729,0
-425.38625457607094,-3.9950779070739943,-1.3461040323024898,1.7800516748681319,1.7315770318042898,4.537176685602643,1.9478566353433664,3.003489913904521,2.778529697800558,0
877.0186239404652,20.063869797564106,50.72561344103094,34.692686381622266,-11.460736771349247,-6.114101024372717,3.92817681763506,2.088517487748724,0.4989777104768083,1
-425.48768765881135,-4.166881205849841,-1.5734391157404546,1.3446513937148608,-0.3213437431195849,1.2523425293724084,-1.2261703329076699,0.05881310223182545,0.5053315431494781,0
-425.50855387972683,-4.242631662316803,-1.5739085630152962,1.3587380624994156,-0.8116889779274704,0.2620773727981246,-1.0430704906835868,2.65212657122707,0.7862673693267532,0
-405.59489020886804,-4.831136934073679,-1.9645261477744607,0.791319656543003,-2.064585239881284,-1.5694942618247032,-6.271826931993214,-0.7452894428341896,-0.6966756768119592,0
-425.5432172089679,-4.364414505922798,-1.7164010649399744,1.1501121884783598,-1.7323035564811864,-1.3894927066424072,0.0001552056207162997,-0.35369148372143927,-0.5407160680472285,0
-395.53819833238583,-5.064656397949005,-1.996949693807725,0.9163086297591263,-0.9962320675238507,-0.13550026107607394,-2.3673743513226047,-0.07063500332851462,0.45139651808628006,0
-425.5201924992985,-4.305059618764794,-1.6746406850096598,1.210619265492398,-1.2359899436907382,-0.5169647025787945,0.303450455836211,-0.5480204052260371,-0.5363306984132086,0
-174.44090079170314,12.990099606118193,43.151251030768684,-7.891320286113352,0.7039078118018212,-2.759973321772426,-1.6255857614030487,0.5895359345036384,-0.2550395653021821,1
695.5100302571263,-15.687192791277615,-14.593287238912216,-7.192335134338297,25.21299506037939,36.51646626204491,-3.2323019049657744,2.3356359442824925,-1.2568569507167568,0
-425.4368457233869,-3.9524254650963613,-1.4022157738222967,1.522633292451172,1.0425080709726222,3.8370724840612023,-3.2106577598857893,1.718557389442681,0.34020613695020996,0
-145.43149147156817,-11.366640423530505,-4.548809260996557,-1.080604896360068,3.7452612315828744,5.780989761822233,0.857925191384457,-1.646682814858751,1.6367183021692568,0
194.420416695735,-20.6743486741299,-8.562382908562494,-4.647890984240871,4.03423266275363,3.066179380672534,0.994728672669787,-1.8420008307167433,1.2994368705528416,0
1736.189822409532,-29.446250410421694,34.56369240984971,6.503753634315463,24.873434702721,9.960894382795273,-0.3196675884471075,-0.6356432983460008,0.31370989935417926,1
-365.30452510880855,-5.373974086542186,-1.8418747938770978,1.440297184012028,3.9393114385906403,7.740298836680791,4.141338302433824,3.028450352877004,1.7329056531129488,1
105.22117164736105,18.87163836556747,-13.15754887517205,-3.982742678320361,-0.9228313766422757,-5.321254336033443,-1.8844584136478715,3.3697198218233013,-0.6358486066741623,1
-425.42850901936714,-3.975473682436513,-1.4109274011961048,1.5566356128605003,1.1007286988534837,3.8246976298007316,-1.8596579071741774,1.3638921191660274,0.9147508916715942,0
-415.7629963645913,-15.22190597597933,-0.03455408942190712,1.2516775277786734,0.2584169910114853,2.447572887783721,-3.6137388070175356,2.8423812014246614,0.11123193835270193,0
-154.31312698399196,16.08242749875249,47.37516840662859,-8.770528097338888,0.5578124812695945,-3.559972061593358,-1.715847809081775,0.5109117886851462,-0.14546185141101517,0
914.2254931228135,-30.81526826334643,-18.628792638906457,-12.448102928918637,1.6314393018741529,-8.177950647356315,-1.0692983323518206,3.0418541537583557,-1.2175271070195992,1
1736.1195786726691,-28.48336390065575,27.31256045107172,6.402632502563863,22.55597609589724,10.410285102405819,-0.700326299073343,-0.39885436618293585,-0.2467402060607149,1
-104.44402854665208,9.307176374615548,51.52487630996068,-9.908535851393204,0.4669600456078423,-4.367698817085859,-1.8815028842235082,0.22620171148516258,-0.3757698990062316,0
-425.4997690425557,-4.248723181794941,-1.6162690042527446,1.3066409427270818,-0.7536446164591639,0.3278679931538192,0.26068686338184144,0.30647705266519215,0.08664315514449296,0
-425.50372480027386,-4.248816491230982,-1.6089240115271803,1.321680368032438,-0.7735349525206954,0.322769998796764,-0.2722520002633544,0.8232944846097942,0.5837785330434101,0
-395.51768792895894,-5.002101435206568,-1.940067354484519,0.9864121462761368,-0.5198976837096123,0.7066316409787383,-2.434577493113947,0.5034761099544042,0.38273321529257087,0
708.9279552133303,90.71310944250885,43.60450798119351,57.516291031453754,-4.245000214011075,-14.63474150822075,3.8068958777100494,0.9191968172693099,1.2098712553215405,1
624.1889967339254,-32.57116095406326,-13.740171991690868,-9.294111613265262,3.4017671533693314,-2.1350931573740257,1.0278353064597923,-2.3963285908270735,0.8723972291617568,0
-425.52568721471346,-4.193016618971309,-1.5659383473223478,1.2876768460764743,-0.9270277263852988,0.3271620737795817,-3.952465865703497,2.6730902864294253,0.11032507427519461,0
-425.6338195937515,-4.37916633002364,-1.7906832110949116,0.8888714517241159,-3.00077503130879,-2.959415458394626,-7.796473168149662,0.37553946556770446,-0.7376787542063014,0
-425.6297682814698,-4.383005868163686,-1.7882137584268287,0.9132960678305678,-2.9776445353428733,-2.961105447924512,-7.336677340304633,0.35269411539560824,-0.3423394323488248,0
-395.5515923784949,-5.442475383740788,-2.1835557226304925,0.869417977919483,-2.517042642087768,-3.8596548903409555,8.371414991884565,-0.7598216377969227,-0.26504402922100057,0
-355.51540593537027,-6.155127179558253,-2.428028452588726,0.5938254643762817,-0.5581369849705808,-0.10571810452693672,1.6526339950096092,0.09201776274370328,-0.7555514214741433,0
1705.166691610611,-44.35191269586986,36.49641484821673,6.115436403216443,10.307959527580737,-18.06869535396578,-3.312220380801715,-2.402204232515935,0.6772739376253528,1
-415.4655180401002,-4.388291241816828,-1.5862636029614872,1.3796711411539333,0.13062440807052403,1.7891720395361745,-0.3411318725299509,2.879060658035389,-0.015838834546465383,0
1396.8416378080992,31.152814175829533,-28.725932864162314,19.04303762899854,-2.155939175600153,9.579633461227253,-2.5672360829422116,-0.6199177135223595,-0.3421131495520533,1
-415.5656820280042,-4.486421312073807,-1.8060084796575944,0.9483430133532494,-1.523517250782056,-0.4946124608118053,-6.1104903451165455,-1.3476325237618247,-0.7851502281411962,0
-425.3843363752318,-3.997416974372302,-1.3496801249335952,1.7805029835265487,1.7435954036387722,4.5407361000948425,2.226461539732796,2.818121936469211,2.753944635406752,0
1735.7089477605914,-32.30295978203519,27.54083292118432,0.7128464503736478,12.350793967331864,-0.6136646558881681,0.7991061262871525,1.4133159954567849,-0.1318826228340896,1
-395.47355339820655,-4.958288083451962,-1.876209266113306,1.1084167614899847,0.07887215962008073,1.4932034753323644,0.6052715163773303,0.7406068225255635,-0.309263202472364,0
-425.5369333842344,-4.272853679668847,-1.7015377563204328,1.1328496962167103,-1.3244492044177825,-0.3910491253606479,-2.2548429087067645,-1.825876251446525,-0.21453142938882708,0
-425.4206254486461,-4.0819752654575945,-1.5175233827447763,1.475986189246983,0.799161006523216,2.980868135749271,2.5966683262844024,-1.9084926194961367,-0.06016236525432374,0
-415.57475921679827,-4.70200384779403,-1.8875747762875874,0.9731508717769379,-2.2832384890300514,-2.4193366789267587,-0.575058412703255,-0.40826426778236824,-0.27711133664422377,0
45.059757843019575,-16.5684196259069,1.6353378954612694,75.25310393765274,53.84218737978837,-32.207522222940874,-1.237348676728132,0.3489011277543421,-0.26714513293458214,1
-335.56359334090473,-6.771567793827684,-2.717622304350234,0.31650244693391727,-1.2049211092232146,-1.3030930762701267,-0.23661058618951541,0.5653450114774358,0.4872637101547137,0
114.54242616538625,-24.762367534456917,29.00800105969916,-8.993804468001835,1.445853342486866,-3.2558977694046667,1.7186484920684406,1.7357371482545696,-0.6307388427049478,1
-265.440862379175,-8.216400228690057,-3.2383998315373086,-0.04989258466480883,2.3281000675545975,4.456816285060523,-0.261859524125483,-1.1365309131046661,-0.3693635328541254,0
205.1019154354629,13.15179331905496,-13.912673911479683,-5.031022020271695,-0.8373051290723534,-6.141295388426608,-1.4244144815049755,3.6785682448776367,-0.4856400765174237,1
-245.58946930624683,-9.23771263253641,-3.777525418597171,-0.6580232985051195,-1.0972867632737808,-2.1345621506644843,1.754741674007139,0.25947811155411005,-1.8696008387296896,0
-425.5433433981223,-4.366707387474262,-1.717284309493223,1.1530622282987084,-1.7309689784046758,-1.3886369058486037,0.01667566679694296,-0.3696555205719763,-0.4320301003214087,0
-145.43149147156817,-11.366640423530505,-4.548809260996557,-1.080604896360068,3.7452612315828744,5.780989761822233,0.857925191384457,-1.646682814858751,1.6367183021692568,0
-145.43149147156817,-11.366640423530505,-4.548809260996557,-1.080604896360068,3.7452612315828744,5.780989761822233,0.857925191384457,-1.646682814858751,1.6367183021692568,0
714.2605211523501,-26.447143247122806,-16.204150927296748,-10.43716570401293,0.7336166098513692,-7.991057216493435,0.06155252090704586,3.0104183680890624,-1.181414011976926,0
-425.50255336696506,-4.132014371329408,-1.5222199875604128,1.349112387066932,-0.43169145894799715,1.1989148125443556,-3.6717476505470574,2.529844293288596,0.07156020071318422,0
-175.61968957563906,-11.060236468742254,-4.478478862729139,-1.263365245747956,-0.6206856921534132,-1.7643805598414979,-1.6957210100261566,4.321638040590349,-0.8859776347155988,0
-425.52937274870413,-4.500545248208369,-1.7705562502453087,1.2146420220267997,-1.9990658354477284,-2.357859538311185,5.357870373701341,-0.8242194551113016,0.25788475586851106,0
455.22292240756326,-8.966676043480351,8.600665234234729,7.274540519523216,-18.228333173360696,6.37013874672241,-0.9795886280951982,-0.6148018607680015,-1.1227707945508762,1
-425.50449824731356,-4.252311325978869,-1.5987023532261528,1.340709925426885,-0.7782666441438806,0.2977592616401616,-0.33246126719629393,1.4458837978918349,0.7860455302384535,0
444.102712010316,-28.13374198961745,-11.95776617559845,-7.891975129176538,-0.5710048994608667,-7.630224627103429,1.2200835505919807,-1.357335667871421,-0.41507189618618195,0
-405.572459750613,-4.9056088777357525,-1.978991174409229,0.8813974803401912,-1.9083469307516272,-1.6670243832408944,-2.2440619174314356,-0.838861293069432,0.10556066824507836,0
624.5417920979701,-12.313456858977371,-17.060897678831832,-9.686139293832849,-0.9886779210865947,-10.27336373138925,0.6464791039622102,-1.0079419235216645,-0.49992372112938954,1
-425.4401326457085,-4.150564408990196,-1.5710146702000432,1.4144589567109334,0.3292261124635174,2.1173802172784435,2.9046755363879777,-2.2307701928304198,-0.014338787703452373,0
-425.53887716131464,-4.271546093111812,-1.6981821456430817,1.1354142722646494,-1.3355202825312473,-0.3941234650697519,-2.5258659333420694,-1.6127676276210272,-0.09433898484964184,0
1197.2631911032956,48.56309513568387,-27.96165053532544,23.054762483490368,5.170533968241124,8.762434138864867,-2.2222811663311215,-0.14291541904983276,-0.06604593052678569,1
-415.47598192604255,-4.472025476393979,-1.7010495203585196,1.2644804133759202,-0.26638127979347115,1.022611337243977,1.4652846756649653,-0.37789825262584453,-0.04313240615156304,0
-425.5588389163454,-4.339073949614321,-1.7368730525345797,1.0948393699618912,-1.8125288432759152,-1.2845433773055714,-2.332160641711647,-1.166585347705007,0.054372517923769466,0
754.6372995040217,-9.898325112713719,-19.414557786678724,-11.000790880280181,-0.8386861631259752,-11.206199569723475,-0.5356939534120662,-0.5688547484344432,-0.533274903909215,1
-394.75927690310755,-5.211279918669765,75.09380803068568,-9.345059522098474,0.04524866983028072,-3.128762014015128,-3.43258443483285,1.848428314414007,0.5238015434443649,0
-405.5519084126645,-4.844115037059536,-1.9195170838835351,0.9623397340430984,-1.4307380721251377,-0.8246170614237642,-2.324734908656423,-0.12306706712914017,0.25049761107588714,0
227.0627857547539,90.63224241504497,-25.389579207416173,-4.859774781767658,-2.738534311180684,-10.608079018656964,-1.0199251288180324,2.8242172773947667,0.4049675918089924,1
425.1257211569583,-10.725154763790185,-9.262012162242796,18.149117065074034,-27.382973337840678,12.4917234479927,0.211668103260199,0.00757500653647588,-1.7531999268186984,1
-395.4889271601067,-5.2366598888656855,-1.9941831596692534,1.0821187787315805,-1.099117470620898,-1.3415774474429807,7.942509910048697,1.4104814477860794,-1.063679476237609,0
-384.9507459292473,-7.207699779665827,63.16497278829493,-7.921438309722274,-0.5525745581953061,-3.481714336721355,-3.74976778945994,1.7067746946451976,0.48556028967216214,0
-395.51768792895894,-5.002101435206568,-1.940067354484519,0.9864121462761368,-0.5198976837096123,0.7066316409787383,-2.434577493113947,0.5034761099544042,0.38273321529257087,0
-335.56359334090473,-6.771567793827684,-2.717622304350234,0.31650244693391727,-1.2049211092232146,-1.3030930762701267,-0.23661058618951541,0.5653450114774358,0.4872637101547137,0
1734.290850792114,-53.58514121489426,-21.50308864400879,16.588387674436035,9.987706534323907,-20.143575828428816,-3.6602874732710915,-1.4750738726390826,0.4512634280567815,1
-405.5519919745024,-4.844730916802157,-1.9212545817614046,0.9583953853603235,-1.4307080204930094,-0.8243268709080208,-2.3097397533514905,-0.20189064188309586,0.19804047212653977,0
-425.6550352406606,-4.442507644963848,-1.837977663487954,0.8278872193920747,-3.4840929269116097,-3.8276087826672023,-7.7985864789166675,0.3334174812732245,-0.7234989430380963,0
1456.8678926403013,51.73603340457942,-23.98889214649148,-9.391729983823929,-8.289345625189576,-6.610342916864351,-3.703108594453758,-1.2117294986234028,1.2253793326977538,1
854.2474224056932,-30.12070732078612,-17.749977028944986,-11.761682674605252,1.9793775974006533,-7.021387145832869,-0.40395077294641674,2.670587370851678,-0.7891514977850349,0
946.2723751555977,-3.759108387626429,44.26376113649211,28.920778676855665,-13.028170498196255,-4.3271881930479115,2.5335113524635644,0.5370642492686263,1.0739085324600284,1
-425.4662834042012,-4.092550762160076,-1.4717894099416242,1.4518487112093859,0.13628502363192344,2.0120969262777386,-1.4484882785752025,2.5543529086824126,-0.18286972887485944,0
-335.0957077236145,-9.923747295960704,52.803365951302915,-7.104874677857119,-0.3544286764548324,-2.9753446023675982,-3.44715078603712,1.6618351589761815,-0.7098190914880224,0
316.5774781697058,70.38355836273486,-23.935069155038008,-5.952460978846472,-2.2435907182268995,-10.369478021265037,-0.354176072413123,0.8749538064628583,-0.4434303932863716,1
-35.4810620685119,-14.404253308364693,-5.856432223727631,-2.231069810061713,3.7217474353027784,4.624592933766457,1.5483416833252919,-1.5704865432752746,1.6160875171890832,0
-425.64684103865255,-4.457459891014734,-1.8283862400518516,0.8717726400717001,-3.4380997703084257,-3.8700019211345933,-6.623731680175862,0.7310370902906164,-0.4847246204521616,0
1456.5656712041932,40.595304765328095,-24.3866088566442,-9.183927292060451,-8.04942028943414,-5.916820379653744,-3.8389904478554038,-1.2130209836653907,1.07853774053571,1
-405.55121561687673,-5.1438641584533125,-2.0349535558462435,0.991399783495353,-2.517789074661319,-3.6971227777573947,7.210251890059151,0.38142210305849084,-0.22818277080345328,0
744.5944974585989,-11.594791880348023,-19.009066122773714,-10.89965551654502,-0.7412350113448324,-10.919321810864961,-0.4681194968429987,-0.6249135792836001,-0.5236934578474188,1
-425.4893336901115,-4.152937130059357,-1.5137702718256945,1.3943575189017026,-0.3590812954375081,1.1400539969972208,-1.7442016490365753,2.776422476577198,-0.09164771636350069,0
-425.5290287637081,-4.178430673226863,-1.6439490049446885,1.152440127571567,-0.9278635310451615,0.505016580685941,-4.371584412929282,-1.3335288639269849,-0.5924885199065555,0
754.2496347565485,-28.43438359236642,-16.455497962856676,-10.762213633587491,1.5233994550789796,-6.946033439929467,-0.016981491823646402,3.3958697137199927,-1.274085501551617,0
504.2277582411639,-29.324481602006863,-12.348521046253348,-8.063044428006721,3.010598482363769,-1.6927874840113954,0.8411507451882508,-2.1776477242136374,1.2410499770618364,0
616.8661327801232,74.36745001460059,-28.949481706348575,-8.697448521167107,0.414990998597771,-8.560650839035775,0.17819360823730623,-0.535984764790395,0.4671569204865893,1
1303.8769468840987,-51.16177189913202,-21.734486210054417,-16.406800304647906,3.881565254011549,-7.571195710591527,-1.2095061213585252,-0.9430021159300668,1.161591682250557,0
646.4698589827627,58.707086829269585,-27.186084890677858,-9.111784192077758,0.6065348880979894,-8.331881188604894,0.003340932244244961,-0.3135267768604043,0.16703995862326965,1
-395.55822495279926,-5.418834869471001,-2.1537776874399746,0.877325410485127,-2.57217210624318,-3.8799465086506624,7.079722264401275,0.4980854666030597,-0.4123838566139366,0
-285.62084510028166,-16.31881256353397,15.91573412610228,-2.790177674903634,-0.3536659403430253,-0.6380939348552167,-6.140524094582331,-2.19352895659628,-0.5558572102582613,0
-425.405552022141,-4.060758289312514,-1.3969745773266373,1.7195187511945076,1.2602775080359514,3.6725427758222713,2.224348228965785,2.775999952174731,2.76812444657496,0
-55.44237331563691,-13.657407335945244,-5.504016525478252,-2.0108135155340268,4.6539800399196585,6.747320563097828,-1.2443360330990199,-1.2200787637496826,-0.9774015517890138,0
-425.520482308696,-4.198570129272944,-1.6500398898873765,1.1874367568433204,-0.87100753287294,0.4914957351159301,-3.052100176698828,-1.5934065225991385,-0.07417259396164325,0
-425.50555943927503,-4.2458615441900545,-1.6036104210182054,1.3251734080567956,-0.7855833759873072,0.3189203937888216,-0.5658520599577149,1.08748603679906,0.6608207343865634,0
95.04820117599316,-17.908837691281594,1.0597624272801094,74.74498117615175,54.09120127226968,-32.23604248205787,-1.060041823567277,0.008556142594060416,-0.5109332348401968,1
-285.4474966127684,-7.72091779810784,-3.0393308568631427,0.11803574510893242,1.9483042756264082,3.9503135605853164,-0.10974218498917955,-1.1916838741826725,-0.2680684905748982,0
343.99845282360815,-35.86536320093041,-8.848707780448548,-6.446163492475011,2.534560266906969,-1.0466665796994417,0.4637116004075554,2.6174914304151207,-0.746153952651474,1
-365.5487526013002,-5.91328038017436,-2.3025133747451734,0.6644932508730473,-1.1149679258196978,-0.8476921524829627,-1.1433732198438946,2.775210497937768,-0.3944274170603248,0
-425.52773492775793,-4.290330904343115,-1.6333734487763887,1.2573768018714464,-1.291347459138541,-0.5601656879227931,-1.0302371673291844,1.5136763810432006,0.032097449029988116,0
-415.49294591757064,-4.445422743651088,-1.699314335721028,1.2231396319975012,-0.36364829960270734,1.0736585940028307,-1.0481047435662565,-0.1675386611668294,0.1916311170464931,0
-345.4141155804469,-6.4013858018082495,-2.4470243437090993,0.8014518545042794,0.7298886881226535,1.2699090821426264,10.91951186748716,-0.48872073778566105,-0.8846894694014409,0
154.39628765657363,-19.638814294938786,-8.133822764405565,-4.386638467364614,3.17667272716948,2.0098548268089234,-0.5390514109826774,-0.7157625807565875,-0.8703195095356029,0
584.2144988084639,-31.447344007542693,-13.239187909049008,-8.83404153189216,3.584947342059656,-1.419087164002002,0.7687915143974738,-1.936504576651865,1.1652480271559118,0
-385.4614588748704,-5.463029993361661,-2.0940013178278942,1.0121697175853346,-0.5893957910228823,-0.6322811447084634,9.772929298899319,-0.040623464731431344,-1.908421030872713,0
-415.56424894050014,-4.6209398497083,-1.8638519990221598,0.9792935327712355,-1.8525515279615108,-1.4618864370982523,-2.129992711439885,-1.3811605015640094,-0.055034558308016415,0
-405.5460732162611,-5.158962123162914,-2.0546187963112876,0.985892279086558,-2.4779973027553197,-3.6830870958471134,8.146670026553748,-0.4941635555741521,-0.19878719618524654,0
-425.5360180239662,-4.158714797158633,-1.650443654303802,1.1270334599513805,-0.9685840439059249,0.563630680319655,-5.607409058194706,-1.7490140559988796,-0.30596993643343234,0
-325.4104789910917,-6.618615907246845,-2.55096346630328,0.58144120534183,2.2010034641017757,4.640125210980375,1.4994528992306595,-1.388523510842189,-0.5656305369858694,0
-425.4673801732622,-4.109713566882688,-1.5181014668317636,1.426752604171284,0.15916709993421307,2.0967854565703146,-1.2541073742604254,0.7001821178347688,0.8321763545177292,0
-425.54345253620136,-4.368354747958159,-1.7192422893248462,1.1521337643222898,-1.7299916330515301,-1.387861640549762,0.039252701855997704,-0.42073844893574475,-0.3888798571253774,0
-34.501488999766806,9.474170912508944,44.35509034241637,-9.874379496905057,0.015110860755040605,-5.450639280143503,-2.303955199042397,0.33242369588136,-0.09633037097073341,0
-415.5305887306502,-4.791460894730643,-1.8899722620573565,1.1125252199966076,-2.01812044693809,-2.576875896607563,6.259933515360645,-0.673810942561188,-0.1993020839255763,0
-145.43149147156817,-11.366640423530505,-4.548809260996557,-1.080604896360068,3.7452612315828744,5.780989761822233,0.857925191384457,-1.646682814858751,1.6367183021692568,0
294.32178370915204,-23.5105304329677,-9.811908895112175,-5.878977142835067,2.9829670839897258,0.330601825727099,-0.5683839967479963,-0.6112454857658366,-0.6330332232466191,0
-405.6196489446252,-4.88627547338057,-2.0003101745963026,0.7343714644393302,-2.5733345604938362,-2.4462425969069677,-6.877660823325171,-0.24306428589960052,-0.6370974306832664,0
-74.62023825973935,6.307803595354833,43.41313842520069,-9.23649651191736,-0.18371414595053193,-5.274313563699793,-2.105605165828575,0.3685077888588112,-0.23554186749627373,0
1734.517895287667,-61.63804357271153,-20.523514492214492,13.501876738839785,-31.1787061847252,15.987226102604199,1.453205149549358,1.5873842928590174,-0.17235172557638298,0
-165.6221618654711,-11.44285439844524,-4.762749381104502,-1.4894079813117362,-0.9640036121461535,-2.623279186677104,2.1116875633444443,-1.623454905094094,-0.22816877257351745,0
594.5716862074836,-20.437826014233185,4.764128537844763,-11.895339671358112,0.4561742254318997,-8.642936245424906,0.23927692884237475,2.1936654721330435,-0.7062931240421034,0
-355.46395358436575,-5.947134252065167,-2.3211615404236308,0.7035488358493045,0.8351883558751055,2.6119764399026026,-0.05479478835515186,-1.3519857318737842,-0.5445297461576992,0
-285.4397680068775,-7.738556279843158,-3.0445735649909436,0.1265661209506147,1.9952938348290257,3.917599812179442,1.207512060600256,-1.3784255941256738,-0.631175031482095,0
1734.3317774737636,-50.44682411483803,-8.894606554306836,-13.090216128012456,-8.979070940402977,-8.455985365615096,-1.098547044322741,-0.3621316632549792,1.3382818161136163,1
-395.5619794380196,-5.1268605987873315,-2.0295631507153864,0.8709526063427663,-1.4976346046608486,-1.0331195377912543,-2.724822294588208,0.7111643399448984,0.5837424211175136,0
-425.56020066265256,-4.20227656791951,-1.7087655156252834,1.0334259871733378,-1.472404935216743,-0.2410602049829382,-6.3334598797697135,-2.60949619804267,-0.384414056211883,0
374.3222453127761,-25.67283670572031,-10.746766712419937,-6.60379278110878,3.6693952543501562,0.6747699912266343,1.5180399386611432,-2.46149930209047,1.1668301575045186,0
-425.5183493351316,-4.307628606132016,-1.6786590582865069,1.2079888445584532,-1.2245315812217792,-0.5135196368589838,0.5834120618936273,-0.8048337122922642,-0.6434445573719547,0
1735.3806503066007,-53.83591199778587,26.48831199853454,3.065060834264593,21.279650976226886,11.990484898314238,-0.7625891622685947,1.885759290315154,-0.08111852845287157,1
268.6326943327617,93.51814887306335,-6.335719802450328,106.08043861159477,-2.2302443681141075,-13.95572618467769,3.071958729303603,0.5999332205037151,-0.09339987827704703,1
-355.56852764981727,-6.281719151511566,-2.526045381970425,0.48302515741323543,-1.57074383861063,-1.8044858556554517,0.239265727454325,0.22265821623658422,0.6502741764321978,0
-425.51500363212574,-4.4226982654881875,-1.7246629652039338,1.2392240057926616,-1.5586308754763565,-1.4710354233787188,4.364258422745437,-0.8097536463075115,-0.21289555724634726,0
-425.5409287928236,-4.137627666422267,-1.6581154525548891,1.0969747955533173,-1.0001581177273868,0.6240587795805315,-6.602369593638007,-2.354265589922694,-0.27840142284090363,0
256.83439598238755,80.97183532640986,-24.448592420015718,-5.2068007431950605,-2.2141544510944677,-9.760517140900689,-1.7456136604298433,2.176032860265144,0.4957486359159903,1
-355.4648105932435,-5.951244966555672,-2.312677380000472,0.7186340445609775,0.8304867158840502,2.5872558932617427,-0.10000889998315952,-0.8082199933456994,-0.3947198879120029,0
-185.47050468385603,-10.410837702071666,-4.181198332136888,-0.8853870223863365,2.446755435540247,3.846921059532181,0.45393132745038134,-1.2184576786838828,-0.8422748070077773,0
-425.5588969019422,-4.338658348615672,-1.7383900684586926,1.0878791365727611,-1.8134460853648036,-1.2847382615729233,-2.324747366160837,-1.2731495688491525,-0.09369200317095742,0
-315.13223565009565,-10.820125556375258,49.638782391100044,-6.912608020918652,0.0016168893843146487,-2.20771464017601,-4.176634596130504,0.2486388520924896,-0.6434169761961591,0
-395.5839118115777,-5.178164529419473,-2.0769664666839835,0.7933387447731266,-1.991558500889898,-1.8825580613066515,-3.0220009294109813,0.42877448813571206,0.27771098231594743,0
-384.98994567887155,-7.623634521953211,60.23435817615788,-7.512248119042744,-0.5635744091736548,-3.336724178679829,-3.568696650080775,2.0842462856490673,0.2485135954702139,0
-395.56294001706783,-5.119149416188325,-2.033808455907944,0.8554819338586844,-1.5053386208597677,-1.0123291316532999,-2.967151668771738,0.3964712620928434,0.4454390396851839,0
644.4794332736501,-22.61477953981857,-1.6754149653817716,-11.582286982675027,0.6759966676234966,-8.381739657488312,0.5830160210575259,2.6958641541048927,-1.0789240580789516,0
-125.43347976620542,-11.823506133359782,-4.734345806099744,-1.3359472276723852,4.0472824601049675,6.275196586642057,-0.7424746531578857,-1.282280412564454,-0.8202461577331974,0
1447.5529245366677,48.56708767948302,33.18852561559293,-0.40813773714647406,-29.157144564588794,-4.103301354721437,1.5546058278623203,-0.03203654958938024,2.3292944503832835,1
-425.4633176459392,-4.213629618114642,-1.6151739938694905,1.3590551851331862,-0.16421556753175098,1.2465976280798656,2.6391210807397827,-2.0320429069092127,0.21564085014931741,0
455.02331874452943,-12.628801547898089,-10.005447618472152,14.804173487458609,-23.954258617797795,10.252446366430428,0.11962495441236225,0.33967921854812305,-1.527115403731329,1
-395.3083237314569,-4.545701415042614,-1.547354555873867,1.5834098679237942,3.561443543804425,7.520816550780988,3.152856579693142,0.8005512925498781,-0.4559851260118045,0
-425.5214599388195,-4.191504467741507,-1.6532104598015605,1.1758445881560058,-0.8783543163484957,0.5123666767488446,-3.3004861247651855,-1.872980708937961,-0.1469402508641842,0
-415.58681411307543,-4.54914674727139,-1.8515654341727685,0.8913031297039835,-2.006865198017006,-1.3630959756001202,-6.127598811188487,-1.3109309333023482,-0.7185132780236438,0
-425.5066376205164,-4.331815108557496,-1.6807985423753573,1.250854109716066,-1.152159705887846,-0.5468726897335912,2.3695693209535063,-0.9238205981137535,-0.3544612876011283,0
-395.51768792895894,-5.002101435206568,-1.940067354484519,0.9864121462761368,-0.5198976837096123,0.7066316409787383,-2.434577493113947,0.5034761099544042,0.38273321529257087,0
104.55680711032828,-16.553836933268443,7.877424072420685,-6.16935945060615,0.4296582794603556,-4.329292078353753,7.840985355755426,0.41478346255249676,-1.0586883047282554,0
1736.9622258083873,38.23019591937908,-35.727356192171634,8.579165459278869,-26.27358099804382,9.532822443862608,-2.3140810921648582,-0.5644719827494711,0.24747350699691026,1
-235.597640147972,-9.537362919539406,-3.9315809356838947,-0.7470226897277569,-1.1234985151257313,-2.2384684633683842,1.749857230274436,-0.9297834878005397,0.09347627539420898,0
-425.3994098017369,-4.018633950517384,-1.470228930351733,1.5369704215790239,1.2824789021260363,3.849061460021844,2.598781637051414,-1.8663706352016567,-0.07434217642252916,0
-405.5725859397673,-4.907901759287216,-1.9798744189624788,0.8843475201605391,-1.907012352675117,-1.6661685824470924,-2.2275414562552087,-0.8548253299199691,0.21424663597089774,0
-405.72613538548893,-15.380799568159327,-0.06934307486253567,1.2632034606883906,1.1879020303267112,4.008361891401221,-3.3696034606444476,2.7164483805712236,0.20783024727129323,0
-395.7325286076759,-15.669069064295273,-0.1887211054802075,1.1656928720297561,1.1445122837265704,3.8071540857614834,-3.196129180824465,3.0296749283897677,0.3569189970110233,0
-405.47714029481625,-4.6639473288048565,-1.7789988298155646,1.1685780271388866,0.07964691131451773,1.7645088584827262,-0.8438235025274814,-0.33999183073135275,0.06804422964650145,0
-395.5831950849289,-5.190201913727539,-2.0768576031084276,0.8099683740107261,-1.980952500263668,-1.9013128620638262,-2.7269356053552185,0.6690423556504175,0.5979222322857185,0
724.4079058823105,-18.93079931571729,-17.631863251147177,-10.726867475941509,-0.4629494556323583,-10.113615353914987,-0.6440670327832123,-0.9506667176045617,-0.5704079413306923,1
-425.542184887056,-4.144454257922158,-1.6616531905393894,1.0845278119065904,-1.0035361740277737,0.6088079679804049,-6.526235987605146,-2.280918714087812,-0.6124795646092025,0
204.39368188659193,-21.021203249647982,-8.738614287274736,-4.825349517739986,3.5118694278183598,2.021418261906123,1.2173603272335962,-2.1497808972339967,1.2473598486852906,0
286.4396796272789,66.24356184635359,-22.88532175605413,-5.692655540930584,-2.538515474093307,-10.408035723558529,-2.3395229975153837,1.7814977899254938,0.4487905186574091,1
-34.904748512726094,-14.390342689028525,2.5790615317666497,76.10751617974343,53.759777673983095,-31.63362474054829,-0.9279600365376247,0.5711372634832399,0.08084490833019341,1
-395.6064069266065,-5.238350783538657,-2.133084946532326,0.7149610671181582,-2.480238437629852,-2.7280397228328837,-3.2123509628213056,-0.07391111397907897,0.25296648402432553,0
-415.56324573413553,-4.626974030498462,-1.86046094715422,0.9878698167521942,-1.8461520382069725,-1.4832424535142656,-1.8891886431276537,-1.1293269616153805,-0.07787428355085349,0
-415.40639356141827,-4.2925731807937995,-1.5888325799917105,1.4198801638624425,1.2271485768231563,3.6657526543454817,2.460670131639413,-1.777447918047278,-0.35415064437839117,0
-395.51768792895894,-5.002101435206568,-1.940067354484519,0.9864121462761368,-0.5198976837096123,0.7066316409787383,-2.434577493113947,0.5034761099544042,0.38273321529257087,0
-145.43149147156817,-11.366640423530505,-4.548809260996557,-1.080604896360068,3.7452612315828744,5.780989761822233,0.857925191384457,-1.646682814858751,1.6367183021692568,0
435.0823898061582,-7.208695776492773,-11.201616544864413,10.81096618691875,-19.007381948628122,7.9691070193161515,-0.3283838821420277,-0.1727635411609269,-1.5136477728637674,1
-415.5160429230135,-4.498760224836164,-1.6897811685841824,1.2138831006962327,-0.8823918240937939,0.09480780344771325,-1.5291518742268928,2.44090176366976,-0.23933212037642906,0
1735.058647564327,-53.95095920506352,31.39992289802093,-12.31383166741651,-5.9521225591251365,7.265195901477338,2.0506739962669642,1.5100967508597107,0.11710166145951019,1
-5.5011796951367815,-15.247235835532559,-6.230657841835669,-2.5725781695378003,3.579537225019064,4.086415074970212,1.612799424869966,-1.7879947572012875,1.5282511775720946,0
226.3399396729966,61.99540855913827,-21.31826524724147,-5.077028951835213,-2.0549358043891166,-8.971916492193722,-1.0569560038786894,0.3558057027199992,-0.11766557889199825,1
-395.5188002734026,-4.9977146149003,-1.9454163861840839,0.9769073983187573,-0.5253198281110052,0.7287629226935911,-2.6528045263671274,0.2005596416419997,0.44872318373144016,0
784.2904763098364,-23.582449569071247,-17.923441412172632,-11.394161369598306,-0.7004831743964204,-11.109951700867088,-0.778582444169003,0.2431177293666482,-0.9082421717672344,1
-425.53988036767925,-4.2655119123216485,-1.7015731975110207,1.1268379882836903,-1.3419197722857852,-0.37276744865373707,-2.766670001654301,-1.8646011675696568,-0.07149925960680532,0
-355.56840146066287,-6.279426269960104,-2.5251621374171758,0.48007511759288757,-1.5720784166871404,-1.8053416564492537,0.22274526627809813,0.23862225308712173,0.5415882087063781,0
1676.5889401293898,28.04559768378448,-34.7630092390539,4.204054360654923,7.895499465926363,-0.15288161319075244,-3.119044808230061,0.44733036171016666,0.22705284771396456,1
1567.4397871117244,48.43090621390133,25.561570441904237,-5.233888782516055,-24.429631411744513,-7.752958546382594,0.6042819552862507,0.12577139059802886,2.5298175341261877,1
-215.62497304563425,-9.964035186494538,-4.056477899960776,-0.9333513617969,-0.9727214207842978,-1.7664686733122128,-3.793231164830336,2.8276350516931683,-0.23118980942876474,0
-425.4672454589421,-4.107034725657525,-1.5159230050463828,1.4246651834413482,0.1572424608600498,2.095525116488378,-1.2842662890736016,0.7235243998083482,0.6934187291763184,0
599.1329142233467,92.28779651528485,48.873228040273474,68.77561315534469,-15.056451267987226,-8.180226769708968,2.104222311676595,-0.6852137179775175,1.4928279985968267,1
-155.43481311372332,-11.047805163167476,-4.410255864769623,-1.0534015246844064,3.70848669821552,5.946812187258372,-0.7699482092342904,-1.173941148147225,-0.5663937960261528,0
-395.4893077554287,-5.0321712413238,-1.9385902367086536,1.0438477975879936,-0.3669959391385245,0.6371245763616815,1.4854836905647013,-0.031230280433298195,-0.36506688865845444,0
-125.4897626942825,-12.19362229782691,-4.807983970447686,-1.2477111971634012,2.286628589641793,2.382821285092351,4.377321937074347,5.228914354023549,1.4871779935491518,1
-395.5839118115777,-5.178164529419473,-2.0769664666839835,0.7933387447731266,-1.991558500889898,-1.8825580613066515,-3.0220009294109813,0.42877448813571206,0.27771098231594743,0
-425.4418410955554,-4.145316580397801,-1.5648178351378181,1.415001956914944,0.31584311092039635,2.1126748114766984,2.594555015517391,-1.9506146037906167,-0.045982554086118406,0
364.2936848006544,-25.40911017837535,-10.629417444404835,-6.609569386597147,3.117745027406297,-0.06260283740138436,-0.8223873920085952,-0.6903319788038562,-0.7782083871942794,0
-415.54177553655,-4.872709402762674,-1.932988881523273,1.0919333683198338,-2.4433967624711164,-3.483612754339584,7.726275063028806,-0.5825048700275466,-0.023390151514591864,0
505.0864982875103,8.9257294797975,-18.036473076710287,-8.165007463406473,-0.4059554396095183,-8.240888589812991,-0.6963805804093977,1.492816422274934,-0.7170694441887302,1
-415.57475921679827,-4.70200384779403,-1.8875747762875874,0.9731508717769379,-2.2832384890300514,-2.4193366789267587,-0.575058412703255,-0.40826426778236824,-0.27711133664422377,0
244.76641997234182,0.20837089817872173,-12.745862493061042,-5.624443865682093,-0.7975883776356366,-6.071426720651381,-3.101072410088574,1.2376640897145406,-0.39860494839111676,0
-395.53807214323143,-5.062363516397545,-1.9960664492544764,0.9133585899387774,-0.9975666456003607,-0.13635606186987678,-2.3838948124988324,-0.05467096647797711,0.34271055036046,0
-145.43149147156817,-11.366640423530505,-4.548809260996557,-1.080604896360068,3.7452612315828744,5.780989761822233,0.857925191384457,-1.646682814858751,1.6367183021692568,1
-255.56438865682915,-8.883976905433187,-3.6237584519995947,-0.5066061243757932,-0.5768596662785502,-1.0182167061686684,1.1951313203085105,-0.593906169515454,-1.4923027630174874,0
1735.2282264082617,-54.39757111489568,29.101632139115733,11.250872164084834,10.233946506267614,0.198949091267816,0.3991638461927352,1.514788122041189,-0.40613145475122514,1
-425.4057873493744,-4.0646985313478705,-1.3998158017115105,1.7215403270384373,1.2625894314656083,3.674173841914913,2.263445725201065,2.708952986960428,2.9199606574968096,0
-385.50190457019266,-5.298892990961328,-2.0432110946533304,0.9363081959680654,-0.45749418948809206,0.44304222096032836,0.48914904112866636,0.799184164925115,-0.37059850938882266,0
-425.52773492775793,-4.290330904343115,-1.6333734487763887,1.2573768018714464,-1.291347459138541,-0.5601656879227931,-1.0302371673291844,1.5136763810432006,0.032097449029988116,0
-405.55098028964323,-5.139923916417951,-2.032112331461371,0.9893782076514246,-2.5201009980909745,-3.698753843850036,7.171154393823874,0.44846906827279664,-0.38001898172530485,0
664.4316815348561,-17.31950377145117,-16.936205098596286,-10.09930043670636,-0.6313806456121187,-9.919399957510935,0.037913205756448125,-0.7554982637229583,-0.5050224399083069,1
345.6754537584721,32.17834519046703,-18.751351382225494,-6.246139778778904,-0.04174421508595442,-6.36460099918799,0.11741221168145943,1.9138777283489319,-0.2712358575420866,1
-425.4874990511103,-4.155892077100286,-1.5190838623346674,1.3908644788773445,-0.3470328719708967,1.1439036020051658,-1.4506015893422144,2.512230924387933,-0.16868991770665426,0
1725.037575910316,-43.29516821794885,27.822074263086634,6.556434077521028,6.934793920415209,-20.92671995145143,-3.6442828305079464,-2.185248805856019,0.8296822746299769,1
-415.58753640763297,-4.550578620536735,-1.8409028119642317,0.9043009176857196,-2.0134914770822254,-1.3890768623229208,-6.202971837629669,-0.7438229128006846,-0.7074610451193576,0
-32.53629535642836,86.43298174662308,32.34001577406383,-9.266257613744337,-1.242004765946847,-8.637748889240633,-0.5230837090713685,-0.1263608792755645,0.3973929459295643,1
-425.45976982014287,-4.010518951444177,-1.4433133911531162,1.4621920603231415,0.5458071738266818,2.964173753986881,-3.5228915915233885,1.9565909941880042,0.3227421817357491,0
1156.766479192504,48.93933362609964,-20.469270403987522,-4.166518780388666,-9.677315826094043,-1.180282443206101,-3.1108223360704357,-1.347524251216864,0.07321430769570475,1
435.23548064160343,-10.167513460864335,10.25880253896217,8.01728332683541,-18.291864572400822,7.997814448609019,-0.5670917697629168,-0.8113752077607789,-1.3040941991219301,1
-415.37439030906097,-4.138633024113199,-1.4547217035504054,1.5596921809612325,2.1158926350166722,5.375004275358833,0.6025243674776452,0.07712222246966209,-0.267079723695612,0
455.04267514267366,-9.697517639002637,-11.115199207660144,10.652608495268547,-18.555666899295428,8.543368746313929,0.28131318948035916,0.13457736976887355,-1.5862262035430486,1
-415.7418062939231,-15.15959614178039,0.012519881017378196,1.3156776448170688,0.7426821803353222,3.31625128683939,-3.6040436164964,2.9122438321093296,0.19265950932987588,0
-315.61879325703285,-15.787075774287088,14.373990594058835,-2.1047827561337926,-0.17774347905189006,-0.16471180988558837,-4.463830222808811,0.4814528976408546,-1.0174733517666652,0
-275.5730321417189,-8.405864431744776,-3.432029925078351,-0.2946004283591977,-0.9476951615430896,-1.5018817188791942,1.2274323348408358,-0.670710085210197,0.36601655543516737,0
-405.5460732162611,-5.158962123162914,-2.0546187963112876,0.985892279086558,-2.4779973027553197,-3.6830870958471134,8.146670026553748,-0.4941635555741521,-0.19878719618524654,0
664.5417860043348,-23.27282166662462,4.142609698644229,-12.553253831541797,1.1097590657748388,-8.157817070083897,0.45706614454648387,2.657146827027318,-0.9227192640570602,0
-405.47528007957385,-4.6658707951045155,-1.7840919383707843,1.162069102408173,0.09074804106011164,1.767873388707572,-0.5578053225872434,-0.6319240293108064,-0.10460535384203114,0
-405.5460732162611,-5.158962123162914,-2.0546187963112876,0.985892279086558,-2.4779973027553197,-3.6830870958471134,8.146670026553748,-0.4941635555741521,-0.19878719618524654,0
-425.52568721471346,-4.193016618971309,-1.5659383473223478,1.2876768460764743,-0.9270277263852988,0.3271620737795817,-3.952465865703497,2.6730902864294253,0.11032507427519461,0
-425.5089254612426,-4.1107025379803845,-1.602003584251209,1.2039196119462294,-0.4499677798437335,1.3953411866733696,-4.5876981354154465,-1.5943233479449044,-0.5406783626358926,0
-145.43149147156817,-11.366640423530505,-4.548809260996557,-1.080604896360068,3.7452612315828744,5.780989761822233,0.857925191384457,-1.646682814858751,1.6367183021692568,0
576.6216007822935,64.61263705086353,-26.87627846161422,-8.278434889230189,0.8741816964760016,-7.326891218048166,0.7210500154262175,0.4774824304984467,0.16847198898262886,1
24.56462231952406,-15.709217243941849,-6.35163424107343,-2.736297059571506,5.703942779019449,7.910004613517747,-1.5569113273063118,-1.2515067097454793,-1.2056866942954743,0
449.48550021585334,104.50566344396397,52.503276098950536,80.24047385988408,-9.28590972395774,-13.060660780924273,2.6646590417159812,-1.2564764549889345,1.344753640018233,1
-365.42362979429004,-5.625744124204649,-2.1532374896338298,0.9134852059785522,1.4406673631665379,3.626668500524299,1.8008055699639887,-1.4902436412707067,-0.44165476253764446,0
-295.43251481855566,-7.459259367116406,-2.92161299178021,0.2394815372073235,2.046774881983578,4.09838793769193,1.2853057363859044,-1.4206637473328938,-0.6288818142090514,0
-344.96240252588404,-8.184343492709242,63.64731304168072,-8.532533678288438,-0.7379706868185136,-4.257904030047608,-3.5653985660499004,1.1582234668273885,-0.42639726316351684,0
-215.58722749829698,-10.037107883719589,-4.139319111544384,-0.9210086355737946,-0.7205832216174649,-1.7250417941761327,2.1623629754678055,-1.3519307027373018,-0.20505341276735908,0
1736.5907354776011,31.35218603660405,-21.3769611691049,0.9506015381751736,-27.011314514108708,-5.928474683849907,-0.09007179817168194,-0.12189211704768067,1.5331915530767883,1
24.446055191974494,-16.118132044494878,-6.62810092889739,-3.045697597215307,2.8610518986195643,2.640357645184186,-0.07573733238477592,-0.9888793969749511,-0.6010008080994435,0
-425.55180561487333,-4.243159852688574,-1.6179895777444093,1.1877257891303181,-1.4421574795061032,-0.5193261201239942,-4.679281413558117,2.390203502818761,-0.45228806104243885,0
-415.54164934739555,-4.870416521211211,-1.932105636970025,1.0889833284994852,-2.4447313405476256,-3.4844685551333883,7.709754601852583,-0.5665408331770114,-0.13207611924041235,0
-215.43323073821043,-9.492785272310119,-3.7650627345259617,-0.49841088646860526,3.0493908291573866,5.293705201022763,-0.338467229527995,-1.3004688648989198,-0.5595961403381051,0
646.3426892961567,53.768302753624326,-26.475121490016097,-9.137441663584077,0.7098912644100136,-8.069967527870435,-0.30474923946583565,-0.1676071626959091,0.2734240742913971,1
645.592434956996,-10.009936898539678,20.482483469425745,12.755959225305919,-27.371279603638268,11.666099621257512,-0.8599153689125967,-1.6206724334962224,-1.0775361629124305,1
-365.5837456923344,-6.06444153431763,-2.4592019718698053,0.5266763950200493,-2.005488131388473,-2.4680948933306115,0.14051642766991096,-0.1953389166741361,0.9015664562693142,0
-425.4936392388736,-4.251191465266846,-1.6149767004766347,1.3264135620556587,-0.721367681453945,0.3279920032510994,0.9613468010489983,0.09386536064117881,0.22303240712137454,0
-265.43315082435936,-8.234684231492947,-3.2425678043867325,-0.03748370502635767,2.3754468594805798,4.424183072149607,1.0493381475811254,-1.2881537415344362,-0.6669343492315336,0
-405.5508711515642,-5.138276555934057,-2.030154351629745,0.9903066716278446,-2.5210783434441204,-3.6995291091488776,7.148577358764816,0.4995519966365633,-0.42316922492133663,0
-245.67769733325824,-17.494645679379243,15.368001508592279,-3.3178957596018415,-1.0733679868186545,-2.189067707824581,-7.373980863521435,-2.4722156783623506,-0.0830208567083193,0
644.5199262188071,-13.8011086750048,-17.062561926714725,-9.796624821143414,-0.6212481417441963,-9.845183233581025,0.07540888138004156,1.9028722057788046,-0.6961069386420177,1
-425.4864917525299,-4.170652146413492,-1.566352586163022,1.3581004903550145,-0.31595165035032224,1.2299210571418133,-1.0229384549594234,0.4405531452981788,0.4917987136599572,0
-425.52734589010237,-4.184709982560535,-1.6503663219606686,1.1549130120739122,-0.9135332357810245,0.5102070612707853,-4.0538820123045705,-1.585943806576602,-0.4652373713785086,0
-425.5066376205164,-4.331815108557496,-1.6807985423753573,1.250854109716066,-1.152159705887846,-0.5468726897335912,2.3695693209535063,-0.9238205981137535,-0.3544612876011283,0
-425.5568951392651,-4.340381536171353,-1.7402286632119308,1.0922747939139532,-1.8014577651624504,-1.2814690375964688,-2.06113761707634,-1.3796939715305048,-0.06581992661541582,0
-405.5460732162611,-5.158962123162914,-2.0546187963112876,0.985892279086558,-2.4779973027553197,-3.6830870958471134,8.146670026553748,-0.4941635555741521,-0.19878719618524654,0
-415.47584721172245,-4.469346635168808,-1.6988710585731395,1.2623929926459845,-0.26830591886763394,1.0213509971620398,1.4351257608517896,-0.3545559706522648,-0.18189003149297372,0
847.239779439498,49.39785383390337,-22.74326747748362,23.969021461217583,5.836829851530205,15.296702516883686,-0.10949619570310855,1.325800703908476,-0.40511857008856095,1
694.4104057988319,-18.159346841631812,-17.285823283994862,-10.422866565475614,-0.7910499248979607,-10.51214080541161,-0.10263636132476794,0.17277523578828993,-0.9138052889293342,1
-425.512056648681,-4.43004003283538,-1.7246275240133448,1.245235713725684,-1.5411603076083522,-1.4893171000856278,4.876085515692975,-0.7710287301843787,-0.35592772702837044,0
-425.51694740920607,-4.421390678931153,-1.721307354526583,1.2417885818406,-1.5697019535898225,-1.4741097630878215,4.093235398110132,-0.5966450224820139,-0.0927031127071619,0
1736.052016384998,-36.298085157740886,27.27227491334682,11.896289586111502,29.913283937954983,13.346218185098255,-0.6732712719842051,0.5975645859951693,-0.5141642713240245,1
-405.5460732162611,-5.158962123162914,-2.0546187963112876,0.985892279086558,-2.4779973027553197,-3.6830870958471134,8.146670026553748,-0.4941635555741521,-0.19878719618524654,0
-425.4409896545863,-4.154675123480696,-1.5625305097768847,1.4295441654226064,0.324524472472462,2.092659670637583,2.8594614247599712,-1.6870044543023361,0.13547107054224417,0
125.74998995958944,-17.908229683422356,7.3457092632717895,113.03353611150305,8.491399323817571,-10.700043494751291,0.8472152171500187,0.5807205092407173,-1.7360947997779308,1
-405.5508711515642,-5.138276555934057,-2.030154351629745,0.9903066716278446,-2.5210783434441204,-3.6995291091488776,7.148577358764816,0.4995519966365633,-0.42316922492133663,0
-425.558275220298,-4.33848787616052,-1.7497154532667243,1.0748155037050175,-1.8064325219440927,-1.2583866488394189,-2.2404357582975476,-1.8839622725915421,-0.09166565049480206,0
-395.604354011447,-5.238011009611798,-2.134482577378054,0.7133249550466392,-2.4701447048695337,-2.7257406484226228,-2.9639049732450538,-0.23593680944080797,0.08962379628910914,0
504.08314188314586,-29.766911016817712,-12.63616464296809,-8.480364219828665,-0.3779831474482301,-7.910929544986108,1.4637473949372621,-0.415263458840774,-0.5625094028265984,0
-425.44602981203286,-4.043693410717314,-1.4686285526533407,1.4856494157733886,0.6405603564628698,2.963718440760951,-1.2821529783065897,0.7656463841028279,0.679238918008113,0
-425.4985269803463,-4.347383234351008,-1.6729446168171218,1.2907951817129177,-1.106136497652532,-0.5889756376852374,3.559419274999251,-0.6050245638503141,-0.16814410396454293,0
1735.574306503321,-43.51113236369316,44.81567615098653,13.579671332443606,2.906310581817722,-6.45847139127694,-3.041061843378595,-3.3866574224782795,0.7591743528019881,1
-415.58681411307543,-4.54914674727139,-1.8515654341727685,0.8913031297039835,-2.006865198017006,-1.3630959756001202,-6.127598811188487,-1.3109309333023482,-0.7185132780236438,0
-415.4758727879635,-4.470378115910083,-1.699091540526895,1.2654088773523393,-0.2673586251466177,1.0218360719451367,1.4427076406059116,-0.32681532426207677,-0.08628264934759469,0
-405.5520175507436,-4.84576239754343,-1.921475063715159,0.9614112700666793,-1.4297607267719918,-0.8238417961249249,-2.3021578735973685,-0.17414999549290788,0.2936478542719191,0
-425.57705501343,-4.293741099234042,-1.6704480210738493,1.1082092162015225,-1.9493153810993367,-1.3475915607579,-5.41903073027997,1.9786994876985577,-0.32469349379872203,0
-55.58798477093437,-10.391420549186638,-6.505489035234388,-2.5653863284733904,-0.8475151352357589,-3.1649406742386117,-3.127595165265822,2.809842228246809,-0.2041703543607263,1
-425.5086800688812,-4.244924543868266,-1.5747918075685472,1.3616881023197631,-0.8103543998509615,0.26293317359192453,-1.0265500295073593,2.636162534376533,0.894953337052575,0
-95.65227106181173,-13.340096915970912,-5.579714552876054,-2.2252585015054187,-0.8406239279342809,-3.0193485344939064,1.607712872636299,-1.6033752405738018,-0.37114435546113045,0
-315.52566323899487,-7.216667378077945,-2.8412814969793603,0.24280648005908215,-0.3000503231128043,-0.03791230372873115,1.1306308139398324,1.880680616772925,-0.7365833038959247,0
-405.5942715029253,-4.9680891843898385,-2.014739760040484,0.8304609961695387,-2.399625683496177,-2.5620543950300654,-2.3380687158158633,-0.2979112200117063,0.022106744591751493,0
-425.4206254486461,-4.0819752654575945,-1.5175233827447763,1.475986189246983,0.799161006523216,2.980868135749271,2.5966683262844024,-1.9084926194961367,-0.06016236525432374,0
-425.511746255533,-4.101067889081728,-1.6011557808885484,1.1949578641928609,-0.4687729257882475,1.412767062586478,-5.116045689539213,-1.6170842272174983,-0.5063321605796909,0
-75.48444110919691,-13.456488196333773,-5.349072671112831,-1.6999979044447011,2.996859100591125,3.301801088414368,3.5975775695189744,4.127361457948983,2.234237353021898,1
1736.8823373663056,26.721038834286137,-32.270310491312536,22.91830501921044,-14.384283571953759,8.332971461432429,-2.5142069183753883,-1.0146483242915445,-0.4949190630860837,1
